"Symbol","Category","Close_1","Close_2","Close_3","Close_4","Close_5"
"AAPL","stocks","229.30999755859375","227.16000366210938","227.75999450683594","224.89999389648438","226.00999450683594"
"MSFT","stocks","502.0400085449219","504.260009765625","507.2300109863281","504.239990234375","504.8900146484375"
"VDEKF","stocks","10.0","10.0","10.0","10.0","10.0"
"PAAS","stocks","33.11000061035156","32.5099983215332","32.63999938964844","32.040000915527344","31.270000457763672"
"HUYA","stocks","3.2899999618530273","3.309999942779541","3.2799999713897705","3.319999933242798","3.190000057220459"
"AKAFF","stocks","13.720000267028809","13.720000267028809","13.720000267028809","13.720000267028809","13.720000267028809"
"ELUXY","stocks","11.710000038146973","12.640000343322754","12.890000343322754","12.350000381469727","12.460000038146973"
"CYBR","stocks","438.0400085449219","438.9100036621094","441.239990234375","435.1199951171875","438.67498779296875"
"PIAGF","stocks","2.3499999046325684","2.3499999046325684","2.3499999046325684","2.3499999046325684","2.3499999046325684"
"ADOCY","stocks","11.800000190734863","11.800000190734863","11.800000190734863","11.800000190734863","11.800000190734863"
"AZLCZ","stocks","1080.0","1080.0","1110.0","1091.0","1091.0"
"FTIF","stocks","22.02400016784668","21.922000885009766","21.996999740600586","21.378000259399414","21.39900016784668"
"CRBP","stocks","10.029999732971191","9.890000343322754","9.789999961853027","9.699999809265137","9.220000267028809"
"IFBD","stocks","1.0399999618530273","1.024999976158142","1.0399999618530273","1.0099999904632568","0.9800000190734863"
"NVDA","stocks","181.77000427246094","179.80999755859375","177.99000549316406","174.97999572753906","175.39999389648438"
"WLFFF","stocks","0.10999999940395355","0.10999999940395355","0.10999999940395355","0.10999999940395355","0.10999999940395355"
"IBDU","stocks","23.440000534057617","23.399999618530273","23.43000030517578","23.34000015258789","23.3700008392334"
"NPPXF","stocks","1.0399999618530273","0.9599999785423279","0.9599999785423279","1.100000023841858","1.0099999904632568"
"NSUPF","stocks","0.8299999833106995","0.8299999833106995","0.8399999737739563","0.8299999833106995","0.800000011920929"
"FG","stocks","34.720001220703125","34.470001220703125","35.33000183105469","34.27000045776367","34.11000061035156"
"ULVM","stocks","88.01799774169922","87.84100341796875","88.24400329589844","86.9010009765625","87.11299896240234"
"UCYB","stocks","56.07899856567383","56.03300094604492","56.71099853515625","55.11899948120117","55.72200012207031"
"BUFC","stocks","40.09000015258789","40.040000915527344","40.10499954223633","39.880001068115234","39.970001220703125"
"FET","stocks","24.760000228881836","25.059999465942383","24.600000381469727","23.719999313354492","23.18000030517578"
"SVMFF","stocks","0.0908999964594841","0.0908999964594841","0.10273999720811844","0.10273999720811844","0.10273999720811844"
"RNKGF","stocks","68.80999755859375","66.93000030517578","66.93000030517578","66.93000030517578","65.0"
"USBC","stocks","1.1399999856948853","1.1699999570846558","1.2000000476837158","1.059999942779541","1.1200000047683716"
"WTO","stocks","0.9100000262260437","0.9300000071525574","0.9399999976158142","0.9020000100135803","0.9300000071525574"
"BGACF","stocks","0.00559999980032444","0.00559999980032444","0.00559999980032444","0.00559999980032444","0.00559999980032444"
"DIPGF","stocks","0.25999999046325684","0.25999999046325684","0.25999999046325684","0.25999999046325684","0.25999999046325684"
"WKRCF","stocks","30.0","27.739999771118164","27.739999771118164","27.739999771118164","27.739999771118164"
"SHPMY","stocks","8.0","8.0","8.0","8.0","8.0"
"AMAT","stocks","164.50999450683594","161.99000549316406","162.49000549316406","159.83999633789062","160.5"
"AMZN","stocks","228.7100067138672","227.94000244140625","228.83999633789062","221.9499969482422","223.80999755859375"
"ALFMF","stocks","0.05380000174045563","0.05380000174045563","0.05380000174045563","0.05380000174045563","0.05380000174045563"
"KSTUF","stocks","12.899999618530273","12.899999618530273","12.899999618530273","12.899999618530273","12.899999618530273"
"FNDF","stocks","42.130001068115234","42.220001220703125","42.7599983215332","42.099998474121094","42.27000045776367"
"MAS","stocks","74.26000213623047","74.5","75.58000183105469","72.31999969482422","73.0199966430664"
"HTCO","stocks","11.539999961853027","10.130000114440918","7.894999980926514","7.239999771118164","7.423999786376953"
"NSYS","stocks","8.899999618530273","8.550000190734863","8.859999656677246","8.710000038146973","8.649999618530273"
"SNTMF","stocks","0.2199999988079071","0.41749998927116394","0.20499999821186066","0.20499999821186066","0.20499999821186066"
"DVCMY","stocks","7.619999885559082","7.724999904632568","7.860000133514404","7.650000095367432","7.739999771118164"
"MDNGF","stocks","0.6672999858856201","0.6690000295639038","0.6000000238418579","0.5630000233650208","0.5299999713897705"
"AROW","stocks","29.56999969482422","29.329999923706055","29.3799991607666","27.8799991607666","28.15999984741211"
"SMAX","stocks","26.503000259399414","26.4950008392334","26.5049991607666","26.41200065612793","26.445999145507812"
"PCRHY","stocks","10.289999961853027","10.34000015258789","10.539999961853027","10.270000457763672","10.3100004196167"
"MMTIF","stocks","0.05000000074505806","0.05000000074505806","0.05000000074505806","0.05000000074505806","0.05000000074505806"
"RNMBF","stocks","1899.0999755859375","1923.1300048828125","1880.5550537109375","1864.75","1818.5"
"SVTMF","stocks","12.642999649047852","12.642999649047852","14.0","14.0","14.0"
"OZFRY","stocks","2.680000066757202","2.680000066757202","2.680000066757202","2.680000066757202","2.680000066757202"
"SYTAW","stocks","0.07999999821186066","","","",""
"BEPJ","stocks","25.030000686645508","25.01799964904785","25.020000457763672","25.06999969482422","25.079999923706055"
"AACBR","stocks","0.2296999990940094","","","",""
"DNLI","stocks","15.550000190734863","15.569999694824219","15.489999771118164","15.229999542236328","14.510000228881836"
"GMPFF","stocks","11.539199829101562","11.539199829101562","11.539199829101562","11.539199829101562","11.539199829101562"
"FEERF","stocks","0.023499999195337296","0.023499999195337296","0.021199999377131462","0.02199999988079071","0.02199999988079071"
"OTGLF","stocks","68.19000244140625","68.19000244140625","68.19000244140625","68.19000244140625","68.19000244140625"
"AX","stocks","91.1500015258789","90.16999816894531","90.73999786376953","85.83000183105469","86.5999984741211"
"LRGC","stocks","74.70999908447266","74.44999694824219","74.68000030517578","73.62999725341797","74.0250015258789"
"IWSH","stocks","0.20000000298023224","0.1899999976158142","0.1899999976158142","0.18000000715255737","0.18000000715255737"
"SF","stocks","116.0","115.13999938964844","114.33000183105469","110.6500015258789","110.98999786376953"
"SVRZF","stocks","20.350000381469727","20.440000534057617","20.59000015258789","20.639999389648438","20.639999389648438"
"IMRA","stocks","36.45000076293945","35.70000076293945","37.45100021362305","35.72999954223633","35.70225143432617"
"JTNB","stocks","16.5","16.5","16.5","16.5","16.5"
"CEFZ","stocks","8.119999885559082","8.119999885559082","8.109999656677246","7.954999923706055","7.989999771118164"
"SDZXF","stocks","62.162498474121094","62.162498474121094","62.162498474121094","59.47420120239258","59.47420120239258"
"AEMD","stocks","1.5499999523162842","1.399999976158142","1.590000033378601","2.190000057220459","1.1100000143051147"
"JHAC","stocks","15.210000038146973","15.24899959564209","15.26200008392334","14.916000366210938","14.975000381469727"
"SPUS","stocks","47.04999923706055","46.86000061035156","46.97999954223633","46.279998779296875","46.45000076293945"
"SDOT","stocks","0.9259999990463257","0.9399999976158142","0.9200000166893005","0.8899999856948853","0.8709999918937683"
"CFSB","stocks","13.949999809265137","13.920000076293945","13.920000076293945","13.899999618530273","13.899999618530273"
"SPSB","stocks","30.239999771118164","30.209999084472656","30.229999542236328","30.15999984741211","30.190000534057617"
"EXETF","stocks","9.449999809265137","9.449999809265137","9.609999656677246","9.460000038146973","9.5600004196167"
"QQEW","stocks","136.17999267578125","136.16000366210938","137.25","134.97000122070312","135.6999969482422"
"BGUUF","stocks","0.07000000029802322","0.07000000029802322","0.07000000029802322","0.07000000029802322","0.07000000029802322"
"PPAL","stocks","59.5","59.5","60.0","60.0","60.0"
"BMMJ","stocks","0.00800000037997961","0.00800000037997961","0.00800000037997961","0.00800000037997961","0.00800000037997961"
"RXO","stocks","16.190000534057617","16.219999313354492","16.969999313354492","14.699999809265137","14.460000038146973"
"PRMNF","stocks","1.8559999465942383","1.840000033378601","1.8259999752044678","1.7630000114440918","1.746000051498413"
"XB","stocks","39.755001068115234","39.71500015258789","39.715999603271484","39.40999984741211","39.49599838256836"
"TLGPY","stocks","16.270000457763672","16.399999618530273","16.420000076293945","16.1299991607666","16.06999969482422"
"IVBIY","stocks","51.790000915527344","51.20000076293945","51.5","52.0","46.0"
"MGV","stocks","134.50999450683594","134.05999755859375","135.10000610351562","133.55999755859375","134.05999755859375"
"OACP","stocks","22.940000534057617","22.93000030517578","22.934999465942383","22.834999084472656","22.885000228881836"
"AVHHL","stocks","0.8130000233650208","0.8130000233650208","0.8130000233650208","0.8130000233650208","0.8130000233650208"
"BKOR","stocks","25.850000381469727","25.5","25.399999618530273","25.0","25.0"
"EMEXF","stocks","0.012000000104308128","0.012000000104308128","0.012000000104308128","0.012000000104308128","0.012000000104308128"
"GLV","stocks","5.71999979019165","5.730000019073486","5.760000228881836","5.619999885559082","5.659999847412109"
"QQLV","stocks","25.06800079345703","25.14900016784668","25.55699920654297","25.482999801635742","25.618000030517578"
"AAHIF","stocks","7.989999771118164","7.989999771118164","7.989999771118164","7.989999771118164","7.989999771118164"
"IPGDF","stocks","3.5999999046325684","3.5999999046325684","3.5999999046325684","3.5999999046325684","3.5999999046325684"
"PSGTF","stocks","0.15000000596046448","0.15000000596046448","0.15000000596046448","0.15000000596046448","0.15000000596046448"
"GBAB","stocks","15.510000228881836","15.3100004196167","15.25","15.270000457763672","15.180000305175781"
"KNOIF","stocks","18.360000610351562","18.360000610351562","18.360000610351562","18.360000610351562","18.360000610351562"
"OOSP","stocks","10.220000267028809","10.239999771118164","10.204999923706055","10.220000267028809","10.180000305175781"
"SCTTF","stocks","1.1399999856948853","1.1399999856948853","1.1399999856948853","1.1399999856948853","1.1399999856948853"
"IEUS","stocks","67.41000366210938","67.5","68.4800033569336","66.94000244140625","67.29000091552734"
"RNTX","stocks","1.149999976158142","1.1799999475479126","1.2699999809265137","1.1299999952316284","1.149999976158142"
"TVAI","stocks","10.039999961853027","10.039999961853027","10.039999961853027","10.039999961853027","10.039999961853027"
"HCOW","stocks","24.360000610351562","24.389999389648438","24.405000686645508","23.700000762939453","23.66200065612793"
"CVNZF","stocks","0.45879998803138733","0.45879998803138733","0.45879998803138733","0.45879998803138733","0.45879998803138733"
"VRE","stocks","15.09000015258789","15.130000114440918","15.239999771118164","14.420000076293945","14.420000076293945"
"SHFS","stocks","2.569999933242798","2.640000104904175","2.8399999141693115","2.7799999713897705","2.809999942779541"
"AWX","stocks","2.5399999618530273","2.5299999713897705","2.4600000381469727","2.440000057220459","2.440000057220459"
"ARKX","stocks","26.545000076293945","26.229999542236328","26.239999771118164","25.549999237060547","25.459999084472656"
"BSENF","stocks","0.05999999865889549","0.057999998331069946","0.06400000303983688","0.06300000101327896","0.06300000101327896"
"BRZH","stocks","13.359999656677246","11.800000190734863","12.0","9.5","5.820000171661377"
"SINT","stocks","3.805000066757202","3.4600000381469727","3.490000009536743","3.259999990463257","3.319999933242798"
"RCKY","stocks","29.93000030517578","27.399999618530273","27.899999618530273","26.65999984741211","26.280000686645508"
"SEGSY","stocks","24.0","24.0","24.0","26.139999389648438","26.139999389648438"
"QNTQY","stocks","26.600000381469727","25.6299991607666","25.6299991607666","25.6299991607666","25.170000076293945"
"VALQ","stocks","63.95800018310547","64.03099822998047","64.4020004272461","63.40299987792969","63.60300064086914"
"PCST","stocks","0.10300000011920929","0.10300000011920929","0.10300000011920929","0.10300000011920929","0.10300000011920929"
"ETHZ","stocks","3.0999999046325684","3.075000047683716","3.299999952316284","4.809999942779541","5.230000019073486"
"AVIKF","stocks","5.099999904632568","5.099999904632568","5.099999904632568","5.099999904632568","5.099999904632568"
"CHSTF","stocks","0.13510000705718994","0.13510000705718994","0.13510000705718994","0.13510000705718994","0.13510000705718994"
"FXL","stocks","158.89999389648438","158.82000732421875","159.5","155.7899932861328","156.1199951171875"
"HONT","stocks","117.25","117.0","117.0","125.0","117.5"
"ECCF","stocks","25.31999969482422","25.249000549316406","25.110000610351562","25.1200008392334","25.176000595092773"
"ONEZ","stocks","25.979999542236328","25.924999237060547","25.993999481201172","25.683000564575195","25.709999084472656"
"GASXF","stocks","0.7250000238418579","0.7250000238418579","0.75","0.7300000190734863","0.6949999928474426"
"MRTPY","stocks","4.320000171661377","4.320000171661377","4.320000171661377","4.320000171661377","4.320000171661377"
"HQI","stocks","9.510000228881836","9.520000457763672","9.800000190734863","9.40999984741211","9.510000228881836"
"NVLPF","stocks","0.23819999396800995","0.23819999396800995","0.23819999396800995","0.23819999396800995","0.23819999396800995"
"CGABL","stocks","18.510000228881836","18.674999237060547","18.6200008392334","18.360000610351562","18.56999969482422"
"TSLA","stocks","351.6700134277344","346.6000061035156","340.010009765625","320.1099853515625","323.8999938964844"
"IDR","stocks","26.530000686645508","25.68000030517578","25.459999084472656","24.3799991607666","23.760000228881836"
"CDTTW","stocks","0.017000000923871994","","","",""
"GMYOY","stocks","31.479999542236328","31.479999542236328","31.479999542236328","31.479999542236328","31.479999542236328"
"IVVM","stocks","33.51900100708008","33.42399978637695","33.47100067138672","33.15999984741211","33.279998779296875"
"ALSSF","stocks","2.890000104904175","2.890000104904175","2.890000104904175","2.890000104904175","2.890000104904175"
"UTSL","stocks","41.04999923706055","40.86000061035156","42.2599983215332","41.619998931884766","42.560001373291016"
"LQIG","stocks","95.79000091552734","95.77899932861328","95.97699737548828","95.29499816894531","95.64700317382812"
"RECT","stocks","4.389999866485596","4.420000076293945","4.650000095367432","4.639999866485596","4.639999866485596"
"FFOG","stocks","45.7400016784668","45.5","45.5099983215332","44.709999084472656","44.880001068115234"
"ARUXF","stocks","0.009999999776482582","0.009999999776482582","0.009999999776482582","0.009999999776482582","0.009999999776482582"
"TZLTF","stocks","0.07000000029802322","0.07000000029802322","0.07000000029802322","0.07000000029802322","0.07000000029802322"
"CYBCF","stocks","0.0839499980211258","0.08167999982833862","0.0877000018954277","0.08642999827861786","0.0860000029206276"
"CABGY","stocks","23.8799991607666","24.059999465942383","24.5","24.219999313354492","24.260000228881836"
"CALC","stocks","2.869999885559082","2.7899999618530273","2.7799999713897705","2.7899999618530273","2.75"
"ALT","stocks","3.440000057220459","3.390000104904175","3.5399999618530273","3.5299999713897705","3.630000114440918"
"GMVMF","stocks","0.16990000009536743","0.1736000031232834","0.18809999525547028","0.18230000138282776","0.18000000715255737"
"AKBIF","stocks","0.7099999785423279","0.7099999785423279","0.7099999785423279","0.7099999785423279","0.7099999785423279"
"NWTKL","stocks","24.200000762939453","24.15999984741211","24.100000381469727","24.100000381469727","24.1299991607666"
"NIOBW","stocks","0.9300000071525574","","","",""
"PTOAF","stocks","0.47999998927116394","0.4699999988079071","0.46000000834465027","0.46000000834465027","0.46000000834465027"
"FRGE","stocks","19.149999618530273","19.920000076293945","19.5","19.110000610351562","19.670000076293945"
"ELXMF","stocks","0.10000000149011612","0.10000000149011612","0.10000000149011612","0.10000000149011612","0.10000000149011612"
"WINKF","stocks","0.01600000075995922","0.01600000075995922","0.013000000268220901","0.013000000268220901","0.013000000268220901"
"PMNT","stocks","0.49000000953674316","0.4309999942779541","0.49000000953674316","0.47999998927116394","0.44999998807907104"
"PQAP","stocks","27.573999404907227","27.545000076293945","27.55500030517578","27.385000228881836","27.43600082397461"
"TSHA","stocks","2.9600000381469727","2.9200000762939453","3.0","2.869999885559082","2.869999885559082"
"MOH","stocks","174.77999877929688","175.1699981689453","174.44000244140625","172.8300018310547","173.60000610351562"
"RSHGY","stocks","20.34000015258789","20.54400062561035","20.68000030517578","20.15999984741211","20.260000228881836"
"LUOYF","stocks","0.5835999846458435","0.5835999846458435","0.5835999846458435","0.5835999846458435","0.5835999846458435"
"HLFDF","stocks","1.8600000143051147","1.8600000143051147","1.8600000143051147","1.8600000143051147","1.8600000143051147"
"LUXFF","stocks","0.40922001004219055","0.375900000333786","0.3571999967098236","0.3244999945163727","0.361160010099411"
"SOBR","stocks","3.490000009536743","3.5199999809265137","3.359999895095825","3.5","3.4700000286102295"
"THOPF","stocks","0.7986999750137329","0.7986999750137329","0.7986999750137329","0.7986999750137329","0.7986999750137329"
"SUZRY","stocks","13.180000305175781","13.180000305175781","13.180000305175781","13.180000305175781","13.180000305175781"
"MEQYF","stocks","144.6699981689453","144.6699981689453","144.6699981689453","145.5","145.5"
"SMRVF","stocks","0.06790000200271606","0.06790000200271606","0.06790000200271606","0.06654000282287598","0.06654000282287598"
"CANOF","stocks","0.27399998903274536","0.23614999651908875","0.2240000069141388","0.20272000133991241","0.2081499993801117"
"CLLKF","stocks","2.8399999141693115","2.8399999141693115","2.8399999141693115","2.8399999141693115","2.8399999141693115"
"PLSH","stocks","0.05050000175833702","0.05050000175833702","0.05050000175833702","0.05050000175833702","0.05050000175833702"
"FERAU","stocks","10.5","10.5","10.5","10.5","10.5"
"UHS","stocks","181.4499969482422","183.8800048828125","185.5800018310547","183.9499969482422","184.6999969482422"
"BTBD","stocks","1.7699999809265137","1.7999999523162842","1.7599999904632568","1.7100000381469727","1.5299999713897705"
"BPHLY","stocks","39.790000915527344","39.790000915527344","39.790000915527344","39.790000915527344","42.599998474121094"
"RSMDF","stocks","16.6299991607666","16.6299991607666","16.6299991607666","16.6299991607666","16.6299991607666"
"ARPRF","stocks","0.9010400176048279","0.9010400176048279","0.9010400176048279","0.9010400176048279","0.9010400176048279"
"BBRRF","stocks","0.01119999960064888","0.014600000344216824","0.014600000344216824","0.013299999758601189","0.013299999758601189"
"PHYTF","stocks","11.8100004196167","11.8100004196167","11.8100004196167","11.8100004196167","11.8100004196167"
"ZNWLF","stocks","0.05000000074505806","0.0731000006198883","0.0731000006198883","0.0731000006198883","0.0731000006198883"
"FIVA","stocks","30.739999771118164","30.81999969482422","31.270999908447266","30.760000228881836","30.89900016784668"
"HFBL","stocks","13.399999618530273","13.399999618530273","13.399999618530273","13.0","13.430000305175781"
"JIREF","stocks","121.76439666748047","120.87059783935547","121.4406967163086","121.66919708251953","121.2300033569336"
"TRFK","stocks","61.279998779296875","60.91999816894531","61.29999923706055","59.939998626708984","60.16400146484375"
"NFG","stocks","86.88999938964844","86.7300033569336","87.22000122070312","87.37999725341797","87.04000091552734"
"HKHC","stocks","38.0","38.0","38.0","37.33000183105469","37.92900085449219"
"REZI","stocks","34.560001373291016","34.40999984741211","34.0","32.11000061035156","32.04999923706055"
"AMD","stocks","166.6199951171875","163.36000061035156","167.75999450683594","163.7100067138672","165.1999969482422"
"PEYUF","stocks","13.579999923706055","13.59000015258789","13.75","13.59000015258789","13.5"
"SSTK","stocks","20.889999389648438","21.25","21.93000030517578","21.440000534057617","21.15999984741211"
"CWPWF","stocks","0.07000000029802322","0.05999999865889549","0.05999999865889549","0.05000000074505806","0.05000000074505806"
"ACV","stocks","22.950000762939453","22.860000610351562","22.700000762939453","22.31999969482422","22.450000762939453"
"CHNFF","stocks","0.5","0.5","0.5","0.5","0.5"
"PZCUY","stocks","1.4199999570846558","1.4199999570846558","1.4199999570846558","1.4199999570846558","1.4199999570846558"
"GAERF","stocks","13.329999923706055","13.329999923706055","13.329999923706055","13.329999923706055","13.329999923706055"
"TCI","stocks","47.40999984741211","47.40999984741211","48.0","45.91999816894531","47.369998931884766"
"CYDX","stocks","0.25209999084472656","0.25209999084472656","0.25209999084472656","0.25209999084472656","0.25209999084472656"
"IPAC","stocks","72.58000183105469","72.55000305175781","73.31999969482422","72.12999725341797","72.61000061035156"
"SNBR","stocks","10.84000015258789","10.1899995803833","11.050000190734863","10.260000228881836","10.460000038146973"
"BSDGF","stocks","0.6019999980926514","0.5960000157356262","0.6290000081062317","0.5770000219345093","0.5712776780128479"
"META","stocks","754.0999755859375","753.2999877929688","754.7899780273438","739.0999755859375","747.719970703125"
"PAVS","stocks","0.6949999928474426","0.6899999976158142","0.6899999976158142","0.7099999785423279","0.7129999995231628"
"BKV","stocks","22.700000762939453","22.5","22.809999465942383","22.25","21.739999771118164"
"FMCCI","stocks","20.780000686645508","20.780000686645508","21.350000381469727","21.350000381469727","21.0"
"EXNN","stocks","4.010000228881836","4.010000228881836","4.010000228881836","4.010000228881836","4.010000228881836"
"FRCOF","stocks","346.19000244140625","346.19000244140625","346.19000244140625","346.19000244140625","332.239990234375"
"BECTY","stocks","9.6899995803833","9.6899995803833","9.6899995803833","9.6899995803833","9.6899995803833"
"METXF","stocks","2.9474000930786133","2.9474000930786133","2.9474000930786133","2.9474000930786133","2.9474000930786133"
"NX","stocks","21.940000534057617","22.010000228881836","22.469999313354492","20.829999923706055","20.959999084472656"
"RTOXF","stocks","4.614999771118164","5.0","4.639999866485596","4.63700008392334","4.63700008392334"
"BLRX","stocks","3.609999895095825","3.8499999046325684","3.740000009536743","3.5899999141693115","3.700000047683716"
"TOON","stocks","0.7540000081062317","0.7369999885559082","0.75","0.7319999933242798","0.7250000238418579"
"DEXSF","stocks","4.510000228881836","4.510000228881836","4.510000228881836","4.510000228881836","4.510000228881836"
"CHBOF","stocks","0.054999999701976776","0.054999999701976776","0.054999999701976776","0.054999999701976776","0.054999999701976776"
"GRNBF","stocks","0.011099999770522118","0.011099999770522118","0.01600000075995922","0.01600000075995922","0.011099999770522118"
"TG","stocks","7.769999980926514","7.730000019073486","7.920000076293945","7.599999904632568","7.599999904632568"
"MFUT","stocks","14.98900032043457","14.946000099182129","14.970000267028809","14.84000015258789","14.79699993133545"
"SAKL","stocks","0.017999999225139618","0.017999999225139618","0.017000000923871994","0.017000000923871994","0.017000000923871994"
"MMIN","stocks","23.110000610351562","23.110000610351562","23.059999465942383","23.010000228881836","23.030000686645508"
"VNRX","stocks","0.6600000262260437","0.6899999976158142","0.6899999976158142","0.6800000071525574","0.6600000262260437"
"APEMY","stocks","31.40999984741211","31.40999984741211","31.40999984741211","31.40999984741211","31.40999984741211"
"NXLLF","stocks","1.5499999523162842","1.5499999523162842","1.5499999523162842","1.5499999523162842","1.5499999523162842"
"YBIT","stocks","9.899999618530273","9.850000381469727","10.260000228881836","9.920000076293945","10.100000381469727"
"DMO","stocks","11.779999732971191","11.8100004196167","11.819999694824219","11.739999771118164","11.759780883789062"
"RY","stocks","137.67999267578125","136.22999572753906","137.8800048828125","136.1999969482422","136.49000549316406"
"PNTG","stocks","24.270000457763672","24.639999389648438","25.170000076293945","24.75","25.15999984741211"
"OILT","stocks","23.319000244140625","23.600000381469727","23.275999069213867","22.490999221801758","22.441999435424805"
"DGCB","stocks","54.724998474121094","54.71500015258789","54.7859992980957","54.53499984741211","54.709999084472656"
"BSND","stocks","855.0","855.0","855.0","855.0","855.0"
"CDRO","stocks","8.449999809265137","8.5","8.699999809265137","8.5","8.25"
"OILU","stocks","23.1200008392334","23.25","23.049999237060547","21.809999465942383","21.290000915527344"
"LUCY","stocks","1.9700000286102295","1.9800000190734863","1.9900000095367432","2.0199999809265137","1.9600000381469727"
"AMANF","stocks","25.1200008392334","25.1200008392334","25.1200008392334","25.1200008392334","25.1200008392334"
"TLPPF","stocks","11.149999618530273","11.010000228881836","12.399999618530273","12.0","10.949999809265137"
"TILT","stocks","235.80999755859375","235.11000061035156","235.83999633789062","231.02000427246094","231.77000427246094"
"THYKF","stocks","10.654999732971191","10.654999732971191","10.758199691772461","10.758199691772461","10.758199691772461"
"WFRSF","stocks","1.8799999952316284","1.7050000429153442","1.7050000429153442","1.7050000429153442","1.7050000429153442"
"HCTPF","stocks","0.17000000178813934","0.17000000178813934","0.17000000178813934","0.17000000178813934","0.17000000178813934"
"AOMR","stocks","9.770000457763672","9.630000114440918","9.770000457763672","9.600000381469727","9.677419662475586"
"RTGC","stocks","0.36000001430511475","0.3700000047683716","0.3700000047683716","0.3700000047683716","0.3700000047683716"
"IONZ","stocks","15.166000366210938","17.020000457763672","16.110000610351562","18.81399917602539","19.18000030517578"
"ZTOEF","stocks","17.0","17.0","17.0","17.0","17.0"
"NXL","stocks","0.847000002861023","0.8339999914169312","1.0199999809265137","0.7300000190734863","0.7200000286102295"
"RUSHA","stocks","58.189998626708984","58.18000030517578","58.900001525878906","56.2400016784668","56.41999816894531"
"AABKF","stocks","31.989999771118164","31.989999771118164","31.989999771118164","31.989999771118164","31.989999771118164"
"WYGPF","stocks","8.579999923706055","8.579999923706055","8.579999923706055","8.579999923706055","8.579999923706055"
"AEO","stocks","12.180000305175781","12.5","12.850000381469727","12.260000228881836","12.3100004196167"
"RANJF","stocks","37.400001525878906","37.400001525878906","37.400001525878906","37.400001525878906","37.400001525878906"
"ADERY","stocks","55.0","55.0","55.0","55.0","55.0"
"FFLO","stocks","0.20000000298023224","0.20000000298023224","0.20000000298023224","0.20000000298023224","0.20000000298023224"
"CHAC","stocks","10.029999732971191","10.079999923706055","10.039999961853027","10.039999961853027","10.045000076293945"
"CPNS","stocks","26.659000396728516","26.670000076293945","26.663999557495117","26.65999984741211","26.6299991607666"
"XJUN","stocks","41.78799819946289","41.75","41.79600143432617","41.564998626708984","41.63100051879883"
"LIVN","stocks","56.59000015258789","56.349998474121094","55.900001525878906","52.86000061035156","53.38999938964844"
"HUIHY","stocks","14.600000381469727","14.600000381469727","14.600000381469727","14.600000381469727","14.600000381469727"
"JMTG","stocks","50.470001220703125","50.439998626708984","50.439998626708984","50.2400016784668","50.22999954223633"
"VFL","stocks","9.550000190734863","9.510000228881836","9.5600004196167","9.5","9.51989459991455"
"PVL","stocks","2.0299999713897705","1.9900000095367432","1.9800000190734863","1.9500000476837158","1.9600000381469727"
"SBUX","stocks","86.62999725341797","85.80999755859375","88.37999725341797","88.55999755859375","89.51000213623047"
"VTRLY","stocks","14.979999542236328","14.979999542236328","14.979999542236328","14.979999542236328","14.979999542236328"
"CCD","stocks","20.31999969482422","20.309999465942383","20.290000915527344","20.1200008392334","20.209999084472656"
"TDTF","stocks","24.3799991607666","24.299999237060547","24.329999923706055","24.170000076293945","24.170000076293945"
"PFHO","stocks","1.1799999475479126","1.090000033378601","1.0499999523162842","1.0199999809265137","1.0"
"LMLLF","stocks","0.0070500001311302185","0.008220000192523003","0.0064199999906122684","0.005309999920427799","0.0038999998942017555"
"JGCCY","stocks","18.1200008392334","18.1200008392334","18.1200008392334","18.1200008392334","18.1200008392334"
"JFLI","stocks","50.22700119018555","50.14500045776367","50.35100173950195","49.72800064086914","49.904998779296875"
"REGCO","stocks","22.709999084472656","22.75","22.719999313354492","22.579999923706055","22.674999237060547"
"BCCC","stocks","25.239999771118164","25.170000076293945","26.371999740600586","25.29522705078125","25.775007247924805"
"RETL","stocks","9.670000076293945","9.729999542236328","9.930000305175781","9.260000228881836","9.460000038146973"
"LYB","stocks","56.599998474121094","57.04999923706055","57.400001525878906","54.17692947387695","54.040191650390625"
"FTWYF","stocks","5.350100040435791","5.350100040435791","5.350100040435791","5.350100040435791","5.350100040435791"
"IBIH","stocks","26.56999969482422","26.485000610351562","26.518999099731445","26.309999465942383","26.329999923706055"
"RCDOF","stocks","2.742000102996826","2.742000102996826","2.742000102996826","2.742000102996826","2.742000102996826"
"AAIRF","stocks","0.07802999764680862","0.07209999859333038","0.07989999651908875","0.07199999690055847","0.08020000159740448"
"OTCM","stocks","52.84000015258789","52.880001068115234","52.0","52.0","51.900001525878906"
"LCAP","stocks","27.780000686645508","27.66900062561035","27.736000061035156","27.450000762939453","27.56800079345703"
"CLPHF","stocks","8.449999809265137","8.449999809265137","8.449999809265137","8.449999809265137","8.449999809265137"
"TEL","stocks","206.91000366210938","205.1300048828125","205.0","200.3000030517578","201.5500030517578"
"AKZOF","stocks","69.94000244140625","69.94000244140625","69.94000244140625","69.94000244140625","69.94000244140625"
"APOC","stocks","25.80299949645996","25.788999557495117","25.790000915527344","25.75200080871582","25.760000228881836"
"HOG","stocks","28.719999313354492","28.850000381469727","28.700000762939453","27.059999465942383","27.290000915527344"
"PTOS","stocks","0.009999999776482582","0.009999999776482582","0.009999999776482582","0.009999999776482582","0.009999999776482582"
"SFDMY","stocks","49.75","49.75","49.75","49.75","49.75"
"KMGLF","stocks","0.009999999776482582","0.009999999776482582","0.009999999776482582","0.009999999776482582","0.009999999776482582"
"FBT","stocks","171.91000366210938","171.11000061035156","175.22999572753906","173.08999633789062","173.35000610351562"
"SCHW","stocks","97.23999786376953","96.19000244140625","95.83000183105469","95.81999969482422","95.51000213623047"
"LOCL","stocks","2.509999990463257","2.484999895095825","2.509999990463257","2.450000047683716","2.5399999618530273"
"BBNX","stocks","18.329999923706055","17.450000762939453","17.049999237060547","16.889999389648438","15.300000190734863"
"PRMRF","stocks","14.539999961853027","14.600000381469727","14.640000343322754","14.270000457763672","14.0600004196167"
"OXFYY","stocks","5.960000038146973","5.960000038146973","5.960000038146973","5.960000038146973","5.960000038146973"
"KPRO","stocks","29.518999099731445","29.450000762939453","29.52899932861328","29.36400032043457","29.323999404907227"
"QMNV","stocks","21.923999786376953","21.900999069213867","21.913999557495117","21.756000518798828","21.805999755859375"
"GRABW","stocks","0.3959999978542328","0.4000000059604645","0.39399999380111694","0.3790000081062317","0.3700000047683716"
"AXREF","stocks","0.5","0.5099999904632568","0.5","0.49000000953674316","0.47999998927116394"
"SIMTF","stocks","0.010999999940395355","0.010999999940395355","0.010999999940395355","0.010999999940395355","0.010999999940395355"
"MRAL","stocks","18.420000076293945","17.479999542236328","19.549999237060547","17.770000457763672","17.68000030517578"
"OSBK","stocks","40.350101470947266","40.350101470947266","40.350101470947266","40.350101470947266","40.350101470947266"
"YUPRF","stocks","0.4031600058078766","0.4031600058078766","0.4031600058078766","0.4031600058078766","0.4031600058078766"
"MCO","stocks","511.3900146484375","510.0","516.010009765625","509.4700012207031","514.9500122070312"
"TETHF","stocks","0.6809999942779541","0.6809999942779541","0.6809999942779541","0.6809999942779541","0.6809999942779541"
"WTIP","stocks","30.110000610351562","30.350000381469727","30.185487747192383","30.001035690307617","29.901330947875977"
"ARPTF","stocks","14.4399995803833","14.4399995803833","14.4399995803833","14.4399995803833","14.4399995803833"
"CNHHY","stocks","15.149999618530273","15.149999618530273","15.149999618530273","15.149999618530273","15.149999618530273"
"PATH","stocks","10.819999694824219","11.029999732971191","11.170000076293945","10.890000343322754","10.960000038146973"
"WUXAY","stocks","13.604999542236328","13.446000099182129","13.010000228881836","13.029999732971191","12.843999862670898"
"DXLG","stocks","1.2999999523162842","1.3300000429153442","1.340000033378601","1.2899999618530273","1.3200000524520874"
"IMTE","stocks","0.949999988079071","0.949999988079071","0.9819999933242798","1.0199999809265137","0.949999988079071"
"DRPRY","stocks","5.320000171661377","5.349999904632568","5.458000183105469","5.333000183105469","5.380000114440918"
"DMPHF","stocks","39.560001373291016","39.560001373291016","39.560001373291016","39.560001373291016","39.560001373291016"
"BRZHR","stocks","0.6499000191688538","","","",""
"BURUW","stocks","0.009999999776482582","","","",""
"FLYY","stocks","1.5","1.409999966621399","1.6399999856948853","1.4700000286102295","1.4900000095367432"
"KSS","stocks","13.039999961853027","13.949999809265137","13.890000343322754","13.319999694824219","13.34000015258789"
"TBBB","stocks","24.829999923706055","26.020000457763672","25.850000381469727","25.559999465942383","25.8700008392334"
"PCLOF","stocks","0.023000000044703484","0.029999999329447746","0.03099999949336052","0.02800000086426735","0.029999999329447746"
"JPM","stocks","298.57000732421875","294.8999938964844","296.239990234375","291.4700012207031","292.239990234375"
"PREF","stocks","19.0","18.989999771118164","19.030000686645508","18.989999771118164","18.969999313354492"
"MCHOY","stocks","6.764999866485596","6.764999866485596","6.829999923706055","6.829999923706055","6.829999923706055"
"CDIOW","stocks","0.019500000402331352","","","",""
"PACHW","stocks","0.1599999964237213","","","",""
"GAA","stocks","31.35099983215332","31.264999389648438","31.472999572753906","31.1200008392334","31.076000213623047"
"EVYM","stocks","47.97999954223633","47.915000915527344","47.97800064086914","47.814998626708984","47.8650016784668"
"JPIE","stocks","46.45000076293945","46.40999984741211","46.40999984741211","46.29499816894531","46.34000015258789"
"TLSNF","stocks","3.7200000286102295","3.7200000286102295","3.7200000286102295","3.7200000286102295","3.700000047683716"
"ALDX","stocks","5.889999866485596","5.769999980926514","5.809999942779541","5.880000114440918","5.630000114440918"
"MSWV","stocks","15.25","14.949999809265137","14.930000305175781","14.699999809265137","14.75"
"BDWBF","stocks","1.100000023841858","1.1699999570846558","1.1699999570846558","1.159999966621399","1.0299999713897705"
"SLFPF","stocks","2.7200000286102295","2.7200000286102295","2.7200000286102295","2.7200000286102295","2.7200000286102295"
"TIOG","stocks","0.03999999910593033","0.05400000140070915","0.012000000104308128","0.008999999612569809","0.007000000216066837"
"ZLIOF","stocks","0.75","0.75","0.75","0.75","0.75"
"USPS","stocks","0.007000000216066837","0.007000000216066837","0.007000000216066837","0.007000000216066837","0.007000000216066837"
"IBIE","stocks","26.440000534057617","26.385000228881836","26.40999984741211","26.274999618530273","26.290000915527344"
"RMOP","stocks","24.18000030517578","24.173999786376953","24.204999923706055","24.125","24.15999984741211"
"NL","stocks","6.550000190734863","6.329999923706055","6.739999771118164","6.420000076293945","6.329999923706055"
"CHRCF","stocks","3.940000057220459","3.940000057220459","3.940000057220459","3.940000057220459","3.940000057220459"
"EUM","stocks","22.290000915527344","22.229999542236328","22.100000381469727","22.559999465942383","22.549999237060547"
"AVGW","stocks","50.45000076293945","49.62699890136719","50.189998626708984","49.25","49.58000183105469"
"ELTK","stocks","10.289999961853027","10.3100004196167","10.100000381469727","10.0600004196167","10.15999984741211"
"CYRB","stocks","4.0","4.0","4.0","4.0","4.0"
"BCOR","stocks","32.055999755859375","31.742000579833984","32.12799835205078","30.756999969482422","30.97100067138672"
"RVSB","stocks","5.019999980926514","5.0","5.130000114440918","4.909999847412109","4.989999771118164"
"TPOR","stocks","28.190000534057617","27.670000076293945","29.280000686645508","26.6299991607666","26.920000076293945"
"RZV","stocks","117.69999694824219","117.58000183105469","117.58000183105469","112.80000305175781","113.45999908447266"
"CSKD","stocks","0.05000000074505806","0.05000000074505806","0.05000000074505806","0.05000000074505806","0.05000000074505806"
"SGTM","stocks","0.03700000047683716","0.03700000047683716","0.03700000047683716","0.035999998450279236","0.039000000804662704"
"ENAV","stocks","33.540401458740234","33.441200256347656","33.55540084838867","33.049800872802734","33.179100036621094"
"TINY","stocks","44.814998626708984","44.641998291015625","45.00299835205078","43.42599868774414","43.69599914550781"
"DAO","stocks","9.119999885559082","8.930000305175781","9.079999923706055","9.180000305175781","9.149999618530273"
"TYA","stocks","13.510000228881836","13.399999618530273","13.469792366027832","13.270387649536133","13.399999618530273"
"JAPN","stocks","28.540000915527344","28.549999237060547","28.788999557495117","28.479999542236328","28.677000045776367"
"DUSXF","stocks","4.172249794006348","4.172249794006348","4.172249794006348","4.172249794006348","4.172249794006348"
"EVV","stocks","10.350000381469727","10.300000190734863","10.149999618530273","10.09000015258789","10.109999656677246"
"FUPEF","stocks","39.599998474121094","39.599998474121094","39.599998474121094","39.599998474121094","39.599998474121094"
"GOOGL","stocks","207.13999938964844","208.49000549316406","206.08999633789062","199.75","199.32000732421875"
"RCDTF","stocks","65.44000244140625","65.44000244140625","65.44000244140625","65.44000244140625","65.44000244140625"
"TLCI","stocks","26.20800018310547","26.266000747680664","26.48699951171875","26.17799949645996","26.3439998626709"
"SFWL","stocks","1.0099999904632568","1.0119999647140503","1.0299999713897705","1.0399999618530273","1.0099999904632568"
"CYH","stocks","2.7200000286102295","2.7200000286102295","2.759999990463257","2.6700000762939453","2.7100000381469727"
"PEP","stocks","147.0","148.1999969482422","149.63999938964844","148.97999572753906","150.72999572753906"
"EEMS","stocks","66.23999786376953","66.29000091552734","66.77999877929688","65.70999908447266","65.58000183105469"
"SSMXF","stocks","13.300000190734863","13.300000190734863","13.300000190734863","13.300000190734863","13.100000381469727"
"CLRUF","stocks","11.0","11.0","11.0","11.0","11.0"
"GOODN","stocks","22.510000228881836","22.424999237060547","22.320999145507812","22.409000396728516","22.110000610351562"
"HCKT","stocks","20.920000076293945","20.889999389648438","21.09000015258789","19.989999771118164","20.1299991607666"
"ITUB","stocks","6.800000190734863","6.869999885559082","6.880000114440918","6.639999866485596","6.630000114440918"
"MOO","stocks","75.26000213623047","75.51000213623047","75.72000122070312","74.52999877929688","74.29000091552734"
"BNZIF","stocks","0.4927999973297119","0.4927999973297119","0.4927999973297119","0.4927999973297119","0.4927999973297119"
"RSAU","stocks","0.2849000096321106","0.2849000096321106","0.2849000096321106","0.2849000096321106","0.2849000096321106"
"ATEX","stocks","22.760000228881836","22.3700008392334","22.450000762939453","22.040000915527344","21.229999542236328"
"AVLNF","stocks","0.03280000016093254","0.032499998807907104","0.031599998474121094","0.030899999663233757","0.02459999918937683"
"ABVN","stocks","0.8999999761581421","0.8999999761581421","0.8999999761581421","1.0","1.0"
"GNLX","stocks","3.7899999618530273","3.740000009536743","3.7799999713897705","3.440000057220459","3.359999895095825"
"GMALF","stocks","0.45100000500679016","0.45100000500679016","0.45100000500679016","0.45100000500679016","0.45100000500679016"
"SNLAF","stocks","1.0299999713897705","1.0299999713897705","1.0299999713897705","1.0299999713897705","1.0299999713897705"
"SVKEF","stocks","18.479999542236328","18.479999542236328","18.479999542236328","18.479999542236328","17.520000457763672"
"DMXF","stocks","74.71600341796875","74.82499694824219","75.78199768066406","74.63700103759766","75.19999694824219"
"SGHIY","stocks","14.800000190734863","14.800000190734863","14.800000190734863","14.800000190734863","14.800000190734863"
"EBND","stocks","21.299999237060547","21.280000686645508","21.3799991607666","21.149999618530273","21.229999542236328"
"MKDWW","stocks","0.015399999916553497","","","",""
"QSI","stocks","1.1699999570846558","1.1399999856948853","1.1399999856948853","1.1100000143051147","1.0"
"JSNSF","stocks","4.28000020980835","4.28000020980835","4.28000020980835","4.25","3.9700000286102295"
"IHHFF","stocks","94.63899993896484","94.63899993896484","93.947998046875","93.947998046875","93.947998046875"
"CTLHF","stocks","0.07999999821186066","0.07999999821186066","0.1599999964237213","0.1599999964237213","0.1599999964237213"
"UTSI","stocks","2.5","2.4000000953674316","2.3499999046325684","2.4000000953674316","2.4000000953674316"
"CRWKF","stocks","63.9900016784668","63.9900016784668","63.9900016784668","63.9900016784668","63.9900016784668"
"SHLS","stocks","6.840000152587891","6.800000190734863","6.480000019073486","5.760000228881836","6.150000095367432"
"KCSH","stocks","25.155000686645508","25.149999618530273","25.149999618530273","25.135000228881836","25.139999389648438"
"VNME","stocks","9.920000076293945","9.930000305175781","9.930000305175781","",""
"AIFLF","stocks","3.049999952316284","3.049999952316284","3.049999952316284","3.049999952316284","3.049999952316284"
"ARCM","stocks","100.47000122070312","100.43499755859375","100.43499755859375","100.38500213623047","100.37999725341797"
"SQLV","stocks","43.167999267578125","43.09400177001953","43.4370002746582","41.71799850463867","41.630001068115234"
"QTIWW","stocks","0.11999999731779099","","","",""
"LBRDA","stocks","60.79999923706055","62.43000030517578","63.34000015258789","61.33000183105469","60.9900016784668"
"TNXXF","stocks","140.5500030517578","140.5500030517578","140.5500030517578","140.5500030517578","140.5500030517578"
"AZN","stocks","80.05000305175781","79.66000366210938","80.97000122070312","80.45999908447266","80.5199966430664"
"FORA","stocks","1.9199999570846558","2.2100000381469727","1.7699999809265137","1.75","1.8899999856948853"
"STLE","stocks","26.25","26.25","26.0","26.0","26.0"
"MNARF","stocks","13.569999694824219","13.569999694824219","13.569999694824219","13.569999694824219","13.5"
"PBUS","stocks","64.86000061035156","64.61000061035156","64.9000015258789","63.849998474121094","64.12000274658203"
"GURFF","stocks","0.11773999780416489","0.12099999934434891","0.12229999899864197","0.11659999936819077","0.11999999731779099"
"NVT","stocks","90.83999633789062","89.4000015258789","90.08000183105469","88.0199966430664","88.04000091552734"
"EOGSF","stocks","2.484999895095825","2.4800000190734863","2.549999952316284","2.509999990463257","2.444999933242798"
"UWM","stocks","43.720001220703125","43.040000915527344","43.95000076293945","40.810001373291016","40.59000015258789"
"HAUP","stocks","0.012199999764561653","0.012199999764561653","0.012199999764561653","0.012199999764561653","0.012199999764561653"
"GLGG","stocks","15.111000061035156","14.951000213623047","16.18400001525879","14.282999992370605",""
"FFSM","stocks","28.90999984741211","28.700000762939453","28.820999145507812","28.049999237060547","28.040000915527344"
"CXH","stocks","7.449999809265137","7.46999979019165","7.449999809265137","7.449999809265137","7.46999979019165"
"AMJT","stocks","1.2899999618530273","1.2899999618530273","1.2899999618530273","1.2899999618530273","1.2899999618530273"
"CGW","stocks","64.41000366210938","64.70999908447266","65.41000366210938","64.30000305175781","64.66000366210938"
"ANCTF","stocks","49.685001373291016","50.25","50.45000076293945","50.595001220703125","50.733001708984375"
"HYXF","stocks","47.44499969482422","47.375","47.46500015258789","47.10499954223633","47.189998626708984"
"BACK","stocks","0.07199999690055847","0.08100000023841858","0.07199999690055847","0.08799999952316284","0.07999999821186066"
"SIMAW","stocks","0.227400004863739","","","",""
"QVAL","stocks","45.41999816894531","45.459999084472656","45.676998138427734","44.577999114990234","44.542999267578125"
"PUMSY","stocks","2.3499999046325684","2.4600000381469727","2.140000104904175","2.0329999923706055","2.0399999618530273"
"AAXJ","stocks","86.66999816894531","86.83000183105469","87.18000030517578","85.58999633789062","85.6500015258789"
"ELP","stocks","8.960000038146973","9.029999732971191","9.010000228881836","8.739999771118164","8.779999732971191"
"BTSDF","stocks","1.7100000381469727","1.7100000381469727","1.2599999904632568","1.2599999904632568","1.2599999904632568"
"IUSDF","stocks","23.141630172729492","23.141630172729492","23.141630172729492","23.141630172729492","23.141630172729492"
"HAPI","stocks","39.46099853515625","39.358001708984375","39.505001068115234","38.900001525878906","39.01599884033203"
"NRDS","stocks","10.260000228881836","10.319999694824219","10.420000076293945","10.020000457763672","10.0"
"PAVM","stocks","0.5189999938011169","0.48899999260902405","0.4690000116825104","0.42100000381469727","0.41999998688697815"
"ICF","stocks","61.130001068115234","61.25","61.65999984741211","60.75","60.939998626708984"
"HTCMF","stocks","24.969999313354492","24.969999313354492","24.969999313354492","24.969999313354492","24.969999313354492"
"ROP","stocks","524.4500122070312","530.2899780273438","536.8400268554688","526.9400024414062","540.52001953125"
"SFB","stocks","21.5","","","",""
"TBUX","stocks","49.79999923706055","49.97999954223633","49.97999954223633","49.89500045776367","49.900001525878906"
"RMIOF","stocks","0.019999999552965164","0.019999999552965164","0.019999999552965164","0.009999999776482582","0.019999999552965164"
"CCS","stocks","65.41000366210938","66.5199966430664","67.44999694824219","62.689998626708984","63.630001068115234"
"BMVP","stocks","49.040000915527344","49.060001373291016","49.33000183105469","49.13999938964844","49.27000045776367"
"TDSGF","stocks","0.06199999898672104","0.061000000685453415","0.05000000074505806","0.05900000035762787","0.057999998331069946"
"HYXU","stocks","54.880001068115234","54.7599983215332","55.2400016784668","54.68000030517578","54.939998626708984"
"SZNE","stocks","34.88100051879883","35.04899978637695","35.53099822998047","35.18299865722656","35.37300109863281"
"BULLW","stocks","6.079999923706055","6.079999923706055","6.210000038146973","5.820000171661377","5.795000076293945"
"ESGU","stocks","141.02999877929688","140.42999267578125","141.0800018310547","138.91000366210938","139.4199981689453"
"BSNLF","stocks","0.007000000216066837","0.007000000216066837","0.007000000216066837","0.009999999776482582","0.009999999776482582"
"KBRLF","stocks","27.600000381469727","27.600000381469727","27.600000381469727","27.600000381469727","27.600000381469727"
"PCPPF","stocks","0.7497000098228455","0.7497000098228455","0.7497000098228455","0.7497000098228455","0.7497000098228455"
"CTRI","stocks","20.389999389648438","19.90999984741211","20.25","20.280000686645508","19.920000076293945"
"SZOXF","stocks","7.010000228881836","7.010000228881836","7.010000228881836","7.010000228881836","7.010000228881836"
"ENVXW","stocks","1.7699999809265137","1.809999942779541","1.850000023841858","1.7799999713897705","1.559999942779541"
"IOVA","stocks","2.450000047683716","2.5299999713897705","2.690000057220459","2.5399999618530273","2.5299999713897705"
"ALFNF","stocks","13.5","13.5","13.5","13.574999809265137","13.574999809265137"
"FXO","stocks","59.279998779296875","58.849998474121094","59.11000061035156","57.63999938964844","57.689998626708984"
"AIRG","stocks","4.349999904632568","4.315000057220459","4.329999923706055","4.260000228881836","4.46999979019165"
"DVLU","stocks","31.010000228881836","30.790000915527344","30.8700008392334","30.469999313354492","30.579999923706055"
"TKO","stocks","185.16000366210938","183.72000122070312","186.1699981689453","184.24000549316406","182.61000061035156"
"BYSD","stocks","0.75","0.75","0.75","0.75","0.75"
"KRLTF","stocks","0.07400000095367432","0.07400000095367432","0.07400000095367432","0.0820000022649765","0.10000000149011612"
"LGRDY","stocks","30.520000457763672","30.15999984741211","30.81999969482422","30.2450008392334","30.41699981689453"
"CPTFF","stocks","103.37229919433594","103.80549621582031","104.5302963256836","102.51619720458984","101.93949890136719"
"MYNZ","stocks","1.649999976158142","1.7200000286102295","1.75","1.7599999904632568","1.7200000286102295"
"CZMWF","stocks","49.619998931884766","49.619998931884766","49.619998931884766","48.310001373291016","48.310001373291016"
"RPDL","stocks","0.0502999983727932","0.0502999983727932","0.14390000700950623","0.14390000700950623","0.10000000149011612"
"COPA","stocks","31.003999710083008","30.709999084472656","30.451000213623047","29.51300048828125","29.38800048828125"
"BITI","stocks","18.940000534057617","18.989999771118164","18.09000015258789","18.829999923706055","18.479999542236328"
"CLLNY","stocks","17.899999618530273","17.959999084472656","18.1200008392334","17.299999237060547","17.610000610351562"
"FTGC","stocks","25.200000762939453","25.399999618530273","25.326000213623047","25.18000030517578","24.959999084472656"
"MWRCS","stocks","7.0","","","",""
"FTCS","stocks","92.81999969482422","92.83999633789062","93.58000183105469","93.1500015258789","93.55000305175781"
"PLLIF","stocks","6.880000114440918","6.880000114440918","6.880000114440918","6.880000114440918","6.880000114440918"
"TNTMF","stocks","0.04839999973773956","0.04839999973773956","0.054999999701976776","0.054999999701976776","0.054999999701976776"
"TFGL","stocks","0.5080000162124634","0.5080000162124634","0.5080000162124634","0.5080000162124634","0.5080000162124634"
"MTEN","stocks","12.75","12.350000381469727","11.4350004196167","11.0","10.890000343322754"
"KCCA","stocks","15.920000076293945","15.779999732971191","15.880000114440918","15.84000015258789","15.920000076293945"
"LDRH","stocks","25.08799934387207","25.030000686645508","25.045000076293945","24.899999618530273","24.961000442504883"
"SMG","stocks","62.22999954223633","62.06999969482422","63.41999816894531","60.58000183105469","60.38215637207031"
"MTPTF","stocks","1.7799999713897705","1.7799999713897705","1.7799999713897705","1.7799999713897705","1.7799999713897705"
"CRSP","stocks","54.880001068115234","54.130001068115234","54.31999969482422","52.81999969482422","53.06999969482422"
"TRSG","stocks","1.6699999570846558","1.6679999828338623","1.6799999475479126","1.6649999618530273","1.6749999523162842"
"MEYYY","stocks","7.349999904632568","7.349999904632568","7.349999904632568","7.349999904632568","7.349999904632568"
"CICB","stocks","25.190000534057617","25.3700008392334","25.34000015258789","25.200000762939453","25.440000534057617"
"HZLIF","stocks","0.06669999659061432","0.0560000017285347","0.05530000105500221","0.05530000105500221","0.03610000014305115"
"BKHY","stocks","48.48099899291992","48.349998474121094","48.43000030517578","48.060001373291016","48.124000549316406"
"IMYSF","stocks","34.0099983215332","34.0099983215332","34.0099983215332","34.0099983215332","34.0099983215332"
"OPTXW","stocks","0.06499999761581421","","","",""
"EFOI","stocks","2.569999933242798","2.569999933242798","2.4800000190734863","2.759999990463257","2.4600000381469727"
"WAL","stocks","88.06999969482422","86.83999633789062","87.12999725341797","81.44999694824219","82.4800033569336"
"CHRUF","stocks","5.349999904632568","5.349999904632568","5.349999904632568","5.349999904632568","5.349999904632568"
"MFIC","stocks","13.119999885559082","13.029999732971191","13.130000114440918","12.9399995803833","12.960000038146973"
"NNGVF","stocks","0.00800000037997961","0.00800000037997961","0.00800000037997961","0.00800000037997961","0.00800000037997961"
"LDGYY","stocks","20.520000457763672","20.520000457763672","20.520000457763672","20.520000457763672","20.520000457763672"
"BOSSY","stocks","9.979999542236328","9.979999542236328","9.979999542236328","9.720000267028809","9.390000343322754"
"PHPRF","stocks","1.25","1.25","1.25","1.25","1.25"
"DFNM","stocks","47.400001525878906","47.404998779296875","47.38999938964844","47.27000045776367","47.310001373291016"
"ELVUF","stocks","0.218299999833107","0.1899999976158142","0.2249000072479248","0.1776999980211258","0.1776999980211258"
"NOVP","stocks","29.375","29.34000015258789","29.367000579833984","29.141000747680664","29.17799949645996"
"SPYX","stocks","53.099998474121094","52.84000015258789","53.099998474121094","52.31999969482422","52.560001373291016"
"AZI","stocks","0.23399999737739563","0.22200000286102295","0.23199999332427979","0.22599999606609344","0.2240000069141388"
"PSRHF","stocks","0.3400000035762787","0.3449999988079071","0.34700000286102295","0.33500000834465027","0.3449999988079071"
"PUCK","stocks","12.824999809265137","12.824999809265137","12.824999809265137","12.824999809265137","12.824999809265137"
"REVG","stocks","54.06999969482422","53.689998626708984","52.310001373291016","50.5","50.90999984741211"
"FUJHY","stocks","10.029999732971191","10.029999732971191","10.069999694824219","9.899999618530273","10.09000015258789"
"MACQF","stocks","0.05000000074505806","0.05000000074505806","0.05000000074505806","0.05000000074505806","0.05000000074505806"
"BSAAU","stocks","10.09000015258789","10.079999923706055","10.079999923706055","10.140000343322754","10.119999885559082"
"CAIAF","stocks","28.0","28.0","28.0","28.0","28.0"
"CSIOF","stocks","7.996399879455566","7.996399879455566","7.996399879455566","7.996399879455566","7.8491997718811035"
"MDAIW","stocks","0.6335999965667725","","","",""
"HSHIF","stocks","33.0","33.0","33.0","33.0","33.0"
"KGFHY","stocks","7.239999771118164","7.53000020980835","7.570000171661377","7.480000019073486","7.440000057220459"
"VLXC","stocks","0.07999999821186066","0.07999999821186066","0.07999999821186066","0.07999999821186066","0.07999999821186066"
"NHAWF","stocks","0.13539999723434448","0.13539999723434448","0.13539999723434448","0.13539999723434448","0.13539999723434448"
"RS","stocks","295.3399963378906","294.3299865722656","294.5400085449219","285.8500061035156","286.0899963378906"
"CVHSY","stocks","5.0","5.449999809265137","5.449999809265137","5.449999809265137","5.25"
"JPNRF","stocks","21.326000213623047","21.326000213623047","21.326000213623047","21.326000213623047","21.326000213623047"
"OFED","stocks","13.319999694824219","13.319999694824219","13.319999694824219","13.319999694824219","13.319999694824219"
"EVTR","stocks","51.290000915527344","51.16999816894531","51.2599983215332","50.9900016784668","51.11000061035156"
"PNGZF","stocks","0.02500000037252903","0.02500000037252903","0.02500000037252903","0.02500000037252903","0.02500000037252903"
"BBBK","stocks","42.0","41.25","41.25","41.25","41.25"
"OCLDF","stocks","12.25","12.25","12.25","12.25","12.25"
"UNCHF","stocks","6.800000190734863","6.800000190734863","6.659999847412109","6.659999847412109","6.5920000076293945"
"AAGAF","stocks","0.49549999833106995","0.5573999881744385","0.5778999924659729","0.5230000019073486","0.5299999713897705"
"BNCDY","stocks","41.20000076293945","40.689998626708984","40.689998626708984","40.70000076293945","40.70000076293945"
"CLPS","stocks","1.0499999523162842","1.0299999713897705","1.0099999904632568","1.0199999809265137","0.972000002861023"
"ESS","stocks","264.7699890136719","265.4599914550781","266.75","262.760009765625","262.0400085449219"
"SBAR","stocks","26.0","26.1299991607666","26.26851463317871","25.87275505065918","25.971696853637695"
"MCSHF","stocks","2.5250000953674316","2.5250000953674316","2.5250000953674316","2.5250000953674316","2.5250000953674316"
"EGY","stocks","3.799999952316284","3.9000000953674316","3.9600000381469727","3.796999931335449","3.669121742248535"
"NVBU","stocks","27.43400001525879","27.34000015258789","27.42799949645996","27.073999404907227","27.176000595092773"
"EMYB","stocks","17.0","16.899999618530273","17.0","16.3799991607666","16.34000015258789"
"IHRMF","stocks","20.040000915527344","20.459999084472656","20.459999084472656","20.459999084472656","20.459999084472656"
"GIGB","stocks","46.189998626708984","46.13999938964844","46.23500061035156","45.935001373291016","46.07500076293945"
"PCEF","stocks","19.899999618530273","19.850000381469727","19.799999237060547","19.6299991607666","19.649999618530273"
"NPSGF","stocks","3.5","3.5","3.5","3.5","3.5"
"WSPCF","stocks","9.760000228881836","9.760000228881836","9.760000228881836","9.760000228881836","9.760000228881836"
"IBIJ","stocks","26.291000366210938","26.19499969482422","26.229999542236328","26.011999130249023","26.024999618530273"
"TPCS","stocks","5.190000057220459","5.199999809265137","5.03000020980835","5.320000171661377","5.260000228881836"
"PGWFF","stocks","1.0399999618530273","1.0399999618530273","1.0399999618530273","1.0399999618530273","1.0399999618530273"
"EXPO","stocks","71.7300033569336","70.80999755859375","72.29000091552734","70.4800033569336","70.02999877929688"
"ACIC","stocks","10.489999771118164","10.5","10.869999885559082","10.899999618530273","11.029999732971191"
"BRGAY","stocks","35.150001525878906","35.150001525878906","35.150001525878906","35.150001525878906","35.150001525878906"
"IVLU","stocks","35.08000183105469","35.16999816894531","35.63999938964844","35.11000061035156","35.290000915527344"
"PRPRF","stocks","0.020999999716877937","0.020999999716877937","0.020999999716877937","0.020999999716877937","0.020999999716877937"
"GXSBF","stocks","0.6000000238418579","0.6000000238418579","0.6000000238418579","0.6000000238418579","0.6000000238418579"
"BWEFF","stocks","4.03000020980835","4.03000020980835","4.03000020980835","4.03000020980835","4.03000020980835"
"FNLC","stocks","27.200000762939453","27.030000686645508","27.059999465942383","25.65999984741211","26.1299991607666"
"RB","stocks","41.176998138427734","41.154998779296875","41.15599822998047","40.840999603271484","40.88199996948242"
"JQUA","stocks","61.529998779296875","61.439998626708984","61.93000030517578","61.040000915527344","61.290000915527344"
"HASI","stocks","28.079999923706055","28.3700008392334","28.799999237060547","27.360000610351562","27.8799991607666"
"MFA","stocks","10.079999923706055","10.0600004196167","10.09000015258789","9.680000305175781","9.859999656677246"
"PCRCF","stocks","0.008999999612569809","0.008999999612569809","0.008999999612569809","0.010999999940395355","0.010999999940395355"
"REZ","stocks","83.30999755859375","83.36000061035156","83.87999725341797","83.19000244140625","83.12999725341797"
"LFSC","stocks","27.674999237060547","27.165000915527344","27.674999237060547","27.23200035095215","27.020999908447266"
"VLO","stocks","146.9499969482422","147.11000061035156","145.3699951171875","140.2899932861328","140.50999450683594"
"MNAT","stocks","31.0","31.6299991607666","31.0","31.0","30.579999923706055"
"OVLH","stocks","37.917999267578125","37.83000183105469","37.90700149536133","37.275001525878906","37.64500045776367"
"TPG","stocks","61.459999084472656","60.33000183105469","60.939998626708984","60.09000015258789","59.61000061035156"
"OKIEY","stocks","10.899999618530273","10.899999618530273","10.899999618530273","10.899999618530273","10.899999618530273"
"SMRT","stocks","1.4900000095367432","1.440000057220459","1.4800000190734863","1.399999976158142","1.4500000476837158"
"DOL","stocks","61.88999938964844","62.119998931884766","62.939998626708984","62.189998626708984","62.5099983215332"
"FMCKO","stocks","13.800000190734863","13.850000381469727","13.75","13.359999656677246","13.649999618530273"
"WFSTD","stocks","9.042499542236328","9.0","8.90999984741211","8.90999984741211","9.026700019836426"
"SPWH","stocks","2.740000009536743","2.740000009536743","2.9100000858306885","2.7300000190734863","2.7799999713897705"
"BTC-USD","crypto","110539.28125","111802.65625","110124.3515625","113458.4296875","115374.328125"
"ETH-USD","crypto","4570.1640625","4600.4267578125","4372.98779296875","4779.6474609375","4776.09033203125"
"BNB-USD","crypto","854.025146484375","863.6304931640625","840.1719360351562","876.0802001953125","880.046142578125"
"XRP-USD","crypto","3.0029170513153076","3.0122179985046387","2.861272096633911","3.0258688926696777","3.0462141036987305"
"ADA-USD","crypto","0.856182873249054","0.8666830062866211","0.8376330137252808","0.9096069931983948","0.9131330251693726"
"SOL-USD","crypto","202.0733184814453","195.90509033203125","187.2784423828125","205.8523712158203","203.93673706054688"
"DOGE-USD","crypto","0.21828019618988037","0.21846500039100647","0.20982399582862854","0.231797993183136","0.23600900173187256"
"DOT-USD","crypto","3.8518478870391846","3.8882479667663574","3.7359769344329834","4.109203815460205","4.226393222808838"
"AVAX-USD","crypto","24.310083389282227","24.180391311645508","23.379615783691406","25.72537612915039","26.21869468688965"
"TRX-USD","crypto","0.3485078811645508","0.3519720137119293","0.3420509994029999","0.3615399897098541","0.3622739911079407"
"LTC-USD","crypto","112.42774200439453","113.49969482421875","109.44448852539062","118.19590759277344","121.34606170654297"
"LINK-USD","crypto","24.10051727294922","24.399843215942383","23.395715713500977","25.82159423828125","26.278017044067383"
"ATOM-USD","crypto","4.486416816711426","4.527410984039307","4.416412830352783","4.785521030426025","4.885766983032227"
"XLM-USD","crypto","0.38332074880599976","0.3950519859790802","0.38474899530410767","0.4075759947299957","0.4163359999656677"
"ETC-USD","crypto","21.529029846191406","21.682743072509766","21.090831756591797","23.2484130859375","24.200902938842773"
"ICP-USD","crypto","5.057268142700195","5.06027889251709","4.885182857513428","5.265811920166016","5.441679000854492"
"NEAR-USD","crypto","2.5068910121917725","2.526470899581909","2.3976120948791504","2.6538150310516357","2.6972548961639404"
"XMR-USD","crypto","275.2541809082031","279.0231018066406","265.837646484375","275.9156494140625","266.1705017089844"
"ALGO-USD","crypto","0.25158801674842834","0.25483301281929016","0.24628500640392303","0.2712549865245819","0.2637619972229004"
"VET-USD","crypto","0.024678373709321022","0.025155000388622284","0.024253999814391136","0.02599800005555153","0.025513000786304474"
"FIL-USD","crypto","2.2974464893341064","2.3235158920288086","2.1867709159851074","2.4231529235839844","2.523758888244629"
"APE-USD","crypto","0.5789878368377686","0.5840520262718201","0.5591409802436829","0.6148849725723267","0.6357309818267822"
"FLOW-USD","crypto","0.38441288471221924","0.38664498925209045","0.37296101450920105","0.405472993850708","0.40806299448013306"
"SAND-USD","crypto","0.2798694968223572","0.28145599365234375","0.2720710039138794","0.2945530116558075","0.3004330098628998"
"MANA-USD","crypto","0.2856236696243286","0.2878600060939789","0.2748810052871704","0.298227995634079","0.30480700731277466"
"AAVE-USD","crypto","328.32867431640625","336.3703308105469","318.26861572265625","348.4761657714844","357.2447814941406"
"EGLD-USD","crypto","15.01447582244873","15.024401664733887","14.235506057739258","15.662638664245605","15.952701568603516"
"XTZ-USD","crypto","0.787611722946167","0.7938100099563599","0.7813490033149719","0.8301420211791992","0.856224000453949"
"THETA-USD","crypto","0.7899805903434753","0.7972930073738098","0.7626609802246094","0.8400580286979675","0.8379169702529907"
"AXS-USD","crypto","2.3007147312164307","2.321903944015503","2.2082180976867676","2.422956943511963","2.477858066558838"
"EOS-USD","crypto","0.4903523027896881","0.4924289882183075","0.48065200448036194","0.5088080167770386","0.513463020324707"
"RUNE-USD","crypto","1.2444133758544922","1.258584976196289","1.2150269746780396","1.3306690454483032","1.3551679849624634"
"KSM-USD","crypto","15.428472518920898","15.160457611083984","14.571439743041992","15.989623069763184","16.557233810424805"
"ZEC-USD","crypto","42.861751556396484","43.03199768066406","40.212154388427734","42.558528900146484","44.77116394042969"
"CHZ-USD","crypto","0.039429668337106705","0.03966299816966057","0.03828899934887886","0.040755998343229294","0.041696999222040176"
"CAKE-USD","crypto","2.605959177017212","2.6329898834228516","2.5534210205078125","2.700071096420288","2.767806053161621"
"CRV-USD","crypto","0.816990852355957","0.8078849911689758","0.7823989987373352","0.9124590158462524","0.8999599814414978"
"MKR-USD","crypto","1583.75048828125","1598.234619140625","1486.5128173828125","1519.74853515625","1610.6865234375"
"SNX-USD","crypto","0.7588908076286316","0.7775269746780396","0.6415899991989136","0.6926640272140503","0.7319930195808411"
"LRC-USD","crypto","0.0886877030134201","0.08773399889469147","0.08321800082921982","0.09059499949216843","0.0926159992814064"
"1INCH-USD","crypto","0.2483358383178711","0.24886299669742584","0.23880000412464142","0.26062101125717163","0.26690301299095154"
"ENJ-USD","crypto","0.06730349361896515","0.06809599697589874","0.06548000127077103","0.07186000049114227","0.07493799924850464"
"BAT-USD","crypto","0.15078572928905487","0.15054500102996826","0.1442990005016327","0.1552010029554367","0.15823699533939362"
"KAVA-USD","crypto","0.36678698658943176","0.3711540102958679","0.3697740137577057","0.36907699704170227","0.3771829903125763"
"CELR-USD","crypto","0.007961057126522064","0.008039000444114208","0.007598999887704849","0.008271999657154083","0.008662999607622623"
"OMG-USD","crypto","0.17307814955711365","0.17326000332832336","0.17028699815273285","0.17918099462985992","0.18174700438976288"
"DASH-USD","crypto","22.95256233215332","23.16930389404297","21.75328826904297","22.954566955566406","23.244949340820312"
"QTUM-USD","crypto","2.830568313598633","2.9407360553741455","3.077692985534668","3.089855909347534","2.5490710735321045"
"BTG-USD","crypto","0.48822322487831116","0.49119600653648376","0.5331199765205383","0.9469919800758362","1.047685980796814"
"NEO-USD","crypto","6.943119049072266","7.030653953552246","7.304401874542236","7.742945194244385","7.212731838226318"
"BCH-USD","crypto","552.317626953125","550.5748291015625","544.4395751953125","583.865234375","591.0036010742188"
"AR-USD","crypto","6.590433597564697","6.642563819885254","6.346109867095947","7.141661167144775","7.303783893585205"
"KLAY-USD","crypto","0.14220915734767914","0.14347100257873535","0.14060400426387787","0.14844399690628052","0.151296004652977"
"WAVES-USD","crypto","1.2362780570983887","1.2068840265274048","1.1541730165481567","1.268867015838623","1.329226016998291"
"ZIL-USD","crypto","0.011436876840889454","0.011533999815583229","0.011136000044643879","0.011884000152349472","0.012179000303149223"
"HNT-USD","crypto","2.628803014755249","2.618283987045288","2.482534885406494","2.6536059379577637","2.70084810256958"
"DCR-USD","crypto","16.538293838500977","16.6750545501709","16.01041030883789","16.842525482177734","17.073217391967773"
"ICX-USD","crypto","0.13008083403110504","0.1305209994316101","0.12354300171136856","0.13431699573993683","0.1345990002155304"
"RVN-USD","crypto","0.01341598853468895","0.013505999930202961","0.012895000167191029","0.013780999928712845","0.014181000180542469"
"ANKR-USD","crypto","0.015169958584010601","0.015336000360548496","0.014626000076532364","0.015778999775648117","0.016231000423431396"
"CEL-USD","crypto","0.07296024262905121","0.07269900292158127","0.07054699957370758","0.07482100278139114","0.07589899748563766"
"SRM-USD","crypto","0.012283263728022575","0.012254999950528145","0.013032999821007252","0.01320900022983551","0.013265999965369701"
"REN-USD","crypto","0.0091466773301363","0.009358000010251999","0.008957999758422375","0.009429000318050385","0.009561999700963497"
"CVC-USD","crypto","0.09082558751106262","0.09218200296163559","0.0886939987540245","0.0949769988656044","0.09641899913549423"
"REP-USD","crypto","1.0519864559173584","1.075600028038025","1.0092359781265259","1.1083240509033203","1.101294994354248"
"DGB-USD","crypto","0.008730422705411911","0.008681000210344791","0.00824700016528368","0.009083000011742115","0.00917499978095293"
"SUSHI-USD","crypto","0.7810807228088379","0.7852709889411926","0.7387459874153137","0.8388400077819824","0.862671971321106"
"BAL-USD","crypto","1.3520865440368652","1.3543510437011719","1.2804830074310303","1.4071999788284302","1.3819340467453003"
"YFI-USD","crypto","5477.18212890625","5528.2685546875","5362.763671875","5770.28955078125","5916.052734375"
"OCEAN-USD","crypto","0.2821924388408661","0.28794199228286743","0.27553799748420715","0.29603898525238037","0.30010199546813965"
"UMA-USD","crypto","1.4093115329742432","1.4187229871749878","1.3700660467147827","1.4881540536880493","1.617764949798584"
"FTT-USD","crypto","0.8527569770812988","0.8607620000839233","0.8559079766273499","0.9045510292053223","0.9277439713478088"
"BNX-USD","crypto","373.0840148925781","375.8273620605469","384.5169372558594","389.38934326171875","389.82647705078125"
"FLUX-USD","crypto","0.2075100988149643","0.20514799654483795","0.19629999995231628","0.21457499265670776","0.2226099967956543"
"GALA-USD","crypto","0.016676263883709908","0.01675100065767765","0.01601099967956543","0.017967000603675842","0.01840299926698208"
"ILV-USD","crypto","14.511188507080078","14.884236335754395","13.999659538269043","15.114958763122559","15.377937316894531"
"USTC-USD","crypto","0.013261615298688412","0.013364000245928764","0.013187999837100506","0.013945999555289745","0.014281000010669231"
"HBAR-USD","crypto","0.23981088399887085","0.24174199998378754","0.23109999299049377","0.24787500500679016","0.2531859874725342"
"KSM-USD","crypto","15.428472518920898","15.160457611083984","14.571439743041992","15.989623069763184","16.557233810424805"
"ROSE-USD","crypto","0.025389451533555984","0.026041999459266663","0.024806000292301178","0.027442999184131622","0.02820100076496601"
"DYDX-USD","crypto","0.6156500577926636","0.6228950023651123","0.6039080023765564","0.6756380200386047","0.698531985282898"
"OP-USD","crypto","0.6981843709945679","0.7058640122413635","0.6876360177993774","0.7757790088653564","0.809211015701294"
"MINA-USD","crypto","0.1775069683790207","0.1795080006122589","0.17202800512313843","0.1863899976015091","0.1904049962759018"
"GLMR-USD","crypto","0.07442944496870041","0.07432500272989273","0.07167699933052063","0.07810600101947784","0.08020099997520447"
"NMR-USD","crypto","16.30668067932129","16.240135192871094","7.994356155395508","8.634857177734375","8.839277267456055"
"MTL-USD","crypto","0.7211963534355164","0.7241730093955994","0.6991509795188904","0.7487919926643372","0.762736976146698"
"COTI-USD","crypto","0.05201627314090729","0.05263499915599823","0.05062999948859215","0.055383000522851944","0.055814001709222794"
"SPY","etf","645.1599731445312","642.469970703125","645.3099975585938","635.5499877929688","638.1099853515625"
"IVV","etf","648.260009765625","645.6400146484375","648.5","638.7000122070312","641.22998046875"
"VOO","etf","593.0599975585938","590.7000122070312","593.2100219726562","584.27001953125","586.5800170898438"
"VTI","etf","318.0899963378906","316.6499938964844","318.17999267578125","312.760009765625","313.8399963378906"
"QQQ","etf","572.6099853515625","570.3200073242188","571.969970703125","563.280029296875","565.9000244140625"
"IWM","etf","234.27999877929688","232.36000061035156","234.8300018310547","225.97000122070312","225.41000366210938"
"DIA","etf","454.489990234375","453.07000732421875","456.6400146484375","447.95001220703125","449.3599853515625"
"EFA","etf","91.9000015258789","92.0","93.2300033569336","91.8499984741211","92.43000030517578"
"EEM","etf","50.209999084472656","50.34000015258789","50.630001068115234","49.63999938964844","49.75"
"VWO","etf","51.84000015258789","51.95000076293945","52.16999816894531","51.27000045776367","51.36000061035156"
"VEA","etf","58.84000015258789","58.81999969482422","59.560001373291016","58.61000061035156","58.88999938964844"
"BND","etf","73.7300033569336","73.63999938964844","73.73999786376953","73.37000274658203","73.55000305175781"
"AGG","etf","99.37000274658203","99.25","99.4000015258789","98.8499984741211","99.08000183105469"
"LQD","etf","109.98999786376953","109.91000366210938","110.19999694824219","109.33999633789062","109.76000213623047"
"HYG","etf","80.87000274658203","80.69000244140625","80.8499984741211","80.19999694824219","80.3499984741211"
"TIP","etf","110.97000122070312","110.70999908447266","110.91999816894531","110.16999816894531","110.1500015258789"
"SHY","etf","82.87999725341797","82.80999755859375","82.8499984741211","82.66999816894531","82.73999786376953"
"TLT","etf","86.75","86.80000305175781","87.05000305175781","86.41000366210938","86.83999633789062"
"IEF","etf","95.83000183105469","95.58000183105469","95.7699966430664","95.23999786376953","95.5199966430664"
"IAU","etf","63.880001068115234","63.439998626708984","63.58000183105469","62.900001525878906","63.130001068115234"
"GLD","etf","312.0799865722656","309.8299865722656","310.5799865722656","307.2900085449219","308.3599853515625"
"SLV","etf","35.02000045776367","35.02000045776367","35.34000015258789","34.61000061035156","34.43000030517578"
"USO","etf","74.05000305175781","75.75","74.63999938964844","74.12999725341797","73.5199966430664"
"UNG","etf","11.970000267028809","11.949999809265137","11.90999984741211","12.399999618530273","12.130000114440918"
"XLF","etf","53.66999816894531","53.2599983215332","53.56999969482422","52.70000076293945","52.869998931884766"
"XLK","etf","263.0299987792969","261.8299865722656","262.4200134277344","258.9100036621094","259.8500061035156"
"XLY","etf","233.6999969482422","232.6300048828125","233.10000610351562","226.22999572753906","227.5800018310547"
"XLI","etf","153.1699981689453","151.61000061035156","153.13999938964844","150.67999267578125","151.22000122070312"
"XLE","etf","88.2300033569336","88.37000274658203","88.13999938964844","86.37999725341797","85.79000091552734"
"XLB","etf","91.91999816894531","91.66999816894531","92.18000030517578","90.38999938964844","90.12000274658203"
"XLV","etf","137.0500030517578","136.1999969482422","138.1699981689453","137.0399932861328","137.5"
"XLU","etf","85.26000213623047","85.06999969482422","86.04000091552734","85.58000183105469","86.16999816894531"
"XLRE","etf","42.0099983215332","42.130001068115234","42.34000015258789","41.68000030517578","41.83000183105469"
"XLC","etf","111.0","111.48999786376953","111.30999755859375","109.7300033569336","109.8499984741211"
"ARKK","etf","76.2699966430664","75.66000366210938","76.5199966430664","73.51000213623047","73.77999877929688"
"ARKW","etf","157.5","156.4499969482422","158.30999755859375","152.60000610351562","153.6199951171875"
"ARKG","etf","24.90999984741211","24.729999542236328","25.239999771118164","24.290000915527344","24.020000457763672"
"ARKF","etf","53.90999984741211","53.650001525878906","54.40999984741211","52.36000061035156","52.630001068115234"
"ARKQ","etf","99.94000244140625","98.68000030517578","98.54000091552734","95.36000061035156","95.27999877929688"
"ARKX","etf","26.545000076293945","26.229999542236328","26.239999771118164","25.549999237060547","25.459999084472656"
"SOXX","etf","250.85000610351562","248.50999450683594","249.08999633789062","242.36000061035156","243.74000549316406"
"SMH","etf","296.75","293.9200134277344","293.6400146484375","287.4599914550781","288.9599914550781"
"IGV","etf","106.56999969482422","106.69000244140625","107.45999908447266","105.95999908447266","106.33000183105469"
"VGT","etf","696.030029296875","692.47998046875","694.1699829101562","682.0800170898438","683.8900146484375"
"IYW","etf","181.8699951171875","181.1699981689453","181.41000366210938","178.60000610351562","179.27000427246094"
"SKYY","etf","121.11000061035156","121.55999755859375","122.05999755859375","118.94999694824219","119.16000366210938"
"CIBR","etf","72.2300033569336","72.1500015258789","72.58000183105469","71.58999633789062","71.9000015258789"
"HACK","etf","82.58999633789062","82.58000183105469","83.25","82.1500015258789","82.51000213623047"
"FDN","etf","272.9700012207031","272.70001220703125","272.6700134277344","267.8599853515625","268.5"
"XSD","etf","287.9100036621094","283.30999755859375","286.0299987792969","274.4800109863281","273.8900146484375"
"XME","etf","81.18000030517578","80.6500015258789","80.12999725341797","77.48999786376953","77.0999984741211"
"IYT","etf","71.7699966430664","71.31999969482422","72.69999694824219","70.37000274658203","70.54000091552734"
"XHB","etf","114.93000030517578","115.19000244140625","117.0","111.33000183105469","112.31999969482422"
"ITB","etf","110.87999725341797","111.52999877929688","112.91999816894531","107.27999877929688","108.11000061035156"
"VNQ","etf","91.41000366210938","91.6500015258789","92.18000030517578","90.43000030517578","90.69999694824219"
"SCHH","etf","21.389999389648438","21.440000534057617","21.59000015258789","21.229999542236328","21.299999237060547"
"IYR","etf","96.83000183105469","97.16000366210938","97.72000122070312","95.98999786376953","96.41000366210938"
"XLRE","etf","42.0099983215332","42.130001068115234","42.34000015258789","41.68000030517578","41.83000183105469"
"REET","etf","25.239999771118164","25.270000457763672","25.43000030517578","25.049999237060547","25.149999618530273"
"PFF","etf","31.610000610351562","31.610000610351562","31.719999313354492","31.489999771118164","31.459999084472656"
"PGX","etf","11.510000228881836","11.520000457763672","11.550000190734863","11.449999809265137","11.479999542236328"
"JNK","etf","97.5199966430664","97.30999755859375","97.43000030517578","96.62000274658203","96.79000091552734"
"EMB","etf","93.81999969482422","93.83999633789062","94.20999908447266","93.52999877929688","93.83000183105469"
"VWOB","etf","66.08999633789062","66.0999984741211","66.33999633789062","65.88999938964844","66.11000061035156"
"SHV","etf","110.41000366210938","110.4000015258789","110.4000015258789","110.33000183105469","110.33999633789062"
"BIL","etf","91.70999908447266","91.69999694824219","91.69000244140625","91.66000366210938","91.66000366210938"
"MUB","etf","104.33000183105469","104.25","104.2300033569336","103.91000366210938","104.05000305175781"
"TFI","etf","44.65999984741211","44.63999938964844","44.650001525878906","44.5099983215332","44.54999923706055"
"BAB","etf","26.760000228881836","26.709999084472656","26.719999313354492","26.549999237060547","26.760000228881836"
"HYD","etf","49.33000183105469","49.2599983215332","49.31999969482422","49.130001068115234","49.279998779296875"
"PZA","etf","22.15999984741211","22.15999984741211","22.170000076293945","22.049999237060547","22.09000015258789"
"CMF","etf","55.84000015258789","55.81999969482422","55.83000183105469","55.630001068115234","55.70000076293945"
"VTEB","etf","48.970001220703125","48.959999084472656","48.9900016784668","48.83000183105469","48.86000061035156"
"SCHF","etf","22.780000686645508","22.780000686645508","23.06999969482422","22.709999084472656","22.81999969482422"
"SCHA","etf","27.190000534057617","27.040000915527344","27.260000228881836","26.31999969482422","26.299999237060547"
"SCHB","etf","24.93000030517578","24.81999969482422","24.93000030517578","24.520000457763672","24.600000381469727"
"SCHC","etf","44.220001220703125","44.209999084472656","44.54999923706055","43.70000076293945","43.66999816894531"
"SCHX","etf","25.579999923706055","25.450000762939453","25.559999465942383","25.15999984741211","25.260000228881836"
"SCHF","etf","22.780000686645508","22.780000686645508","23.06999969482422","22.709999084472656","22.81999969482422"
"SCHZ","etf","23.260000228881836","23.219999313354492","23.260000228881836","23.139999389648438","23.190000534057617"
"SCHO","etf","24.3700008392334","24.350000381469727","24.3700008392334","24.31999969482422","24.34000015258789"
"SCHP","etf","26.8799991607666","26.81999969482422","26.850000381469727","26.68000030517578","26.68000030517578"
"SCHD","etf","27.75","27.770000457763672","27.950000762939453","27.520000457763672","27.510000228881836"
"SCHY","etf","28.030000686645508","28.190000534057617","28.600000381469727","28.360000610351562","28.459999084472656"
"SPSM","etf","45.90999984741211","45.7599983215332","46.209999084472656","44.470001220703125","44.52000045776367"
"SPMD","etf","56.95000076293945","56.70000076293945","57.150001525878906","55.619998931884766","55.709999084472656"
"SPLG","etf","75.91000366210938","75.5999984741211","75.91000366210938","74.7699966430664","75.06999969482422"
"SPYG","etf","99.94000244140625","99.37000274658203","99.54000091552734","97.95999908447266","98.37999725341797"
"SPYV","etf","54.400001525878906","54.279998779296875","54.66999816894531","53.88999938964844","54.04999923706055"
"SPEM","etf","44.7599983215332","44.83000183105469","45.0099983215332","44.29999923706055","44.349998474121094"
"SPAB","etf","25.6299991607666","25.59000015258789","25.6299991607666","25.489999771118164","25.549999237060547"
"SPHY","etf","23.84000015258789","23.790000915527344","23.809999465942383","23.639999389648438","23.68000030517578"
"VO","etf","288.9200134277344","288.6300048828125","290.7099914550781","285.30999755859375","286.3999938964844"
"VB","etf","251.4499969482422","250.50999450683594","252.41000366210938","245.02999877929688","245.0"
"VBR","etf","208.4600067138672","207.64999389648438","209.1300048828125","202.74000549316406","203.07000732421875"
"VUG","etf","460.1499938964844","457.6199951171875","458.4200134277344","451.17999267578125","453.04998779296875"
"VOE","etf","172.50999450683594","172.47000122070312","173.91000366210938","170.57000732421875","171.10000610351562"
"VTV","etf","182.52999877929688","182.02999877929688","183.5","180.9499969482422","181.63999938964844"
"VHT","etf","254.30999755859375","252.6300048828125","256.4599914550781","254.0800018310547","254.6300048828125"
"VFH","etf","131.38999938964844","130.44000244140625","131.16000366210938","128.6300048828125","129.0399932861328"
"VCR","etf","388.8399963378906","387.25","388.0799865722656","375.9200134277344","377.7900085449219"
"VIS","etf","293.70001220703125","290.94000244140625","293.6000061035156","287.8500061035156","288.80999755859375"
"VAW","etf","207.75999450683594","207.0399932861328","208.14999389648438","203.94000244140625","203.5"
"VPU","etf","184.47999572753906","184.11000061035156","186.14999389648438","185.0500030517578","186.24000549316406"
"VNQI","etf","47.36000061035156","47.400001525878906","47.86000061035156","47.150001525878906","47.540000915527344"
"VT","etf","133.9199981689453","133.57000732421875","134.4499969482422","132.19000244140625","132.6699981689453"
"VYMI","etf","84.31999969482422","84.44000244140625","85.48999786376953","84.3499984741211","84.51499938964844"
"VIG","etf","210.72999572753906","209.8300018310547","211.38999938964844","209.02000427246094","209.85000610351562"
"VYM","etf","138.64999389648438","138.27999877929688","139.16000366210938","137.1999969482422","137.60000610351562"
"SDY","etf","141.32000732421875","141.52000427246094","142.97000122070312","141.0","141.42999267578125"
"DVY","etf","141.1699981689453","141.19000244140625","142.17999267578125","139.2100067138672","139.44000244140625"
"NOBL","etf","104.75","105.08000183105469","106.18000030517578","104.55999755859375","105.0199966430664"
"PFFD","etf","19.43000030517578","19.459999084472656","19.510000228881836","19.360000610351562","19.3799991607666"
"ICLN","etf","14.390000343322754","14.390000343322754","14.670000076293945","14.180000305175781","14.390000343322754"
"TAN","etf","41.810001373291016","41.66999816894531","41.88999938964844","39.619998931884766","41.029998779296875"
"PBW","etf","25.829999923706055","25.459999084472656","25.5","24.139999389648438","24.229999542236328"
"QCLN","etf","38.15999984741211","38.060001373291016","38.04999923706055","36.27000045776367","36.66999816894531"
"FAN","etf","18.809999465942383","18.65999984741211","19.239999771118164","18.780000686645508","18.860000610351562"
"BUG","etf","33.334999084472656","33.5099983215332","33.93000030517578","33.2400016784668","33.43000030517578"
"PHO","etf","73.37000274658203","73.22000122070312","73.98999786376953","72.33999633789062","72.83000183105469"
"CGW","etf","64.41000366210938","64.70999908447266","65.41000366210938","64.30000305175781","64.66000366210938"
"FIW","etf","114.12000274658203","113.8499984741211","115.08000183105469","112.25","112.87999725341797"
"YOLO","etf","3.5299999713897705","3.490000009536743","3.384999990463257","3.309999942779541","3.2300000190734863"
"MJ","etf","37.099998474121094","35.869998931884766","33.70000076293945","33.209999084472656","31.420000076293945"
"CNBS","etf","33.3120002746582","32.2859992980957","30.667999267578125","30.60300064086914","29.003999710083008"
"MSOS","etf","5.5","5.260000228881836","5.0","5.03000020980835","4.739999771118164"
"CL=F","commodities","63.11000061035156","63.25","64.80000305175781","63.65999984741211",""
"BZ=F","commodities","66.55000305175781","67.22000122070312","68.80000305175781","67.7300033569336",""
"NG=F","commodities","2.7200000286102295","2.7170000076293945","2.696000099182129","2.697999954223633",""
"RB=F","commodities","2.1238999366760254","2.122299909591675","2.1482999324798584","2.1584999561309814",""
"HO=F","commodities","2.279099941253662","2.2804999351501465","2.3475000858306885","2.3080999851226807",""
"QM=F","commodities","63.150001525878906","63.25","64.80000305175781","63.65999984741211",""
"QG=F","commodities","2.799999952316284","2.7170000076293945","2.696000099182129","2.697999954223633",""
"GC=F","commodities","3431.0","3388.60009765625","3373.800048828125","3374.39990234375",""
"SI=F","commodities","38.435001373291016","38.582000732421875","38.676998138427734","39.00299835205078",""
"HG=F","commodities","4.415999889373779","4.450500011444092","4.4664998054504395","4.447500228881836",""
"PL=F","commodities","1339.5999755859375","1342.4000244140625","1331.5999755859375","1355.4000244140625",""
"PA=F","commodities","1092.5","1084.199951171875","1087.5","1123.5",""
"ALI=F","commodities","2570.25","2541.25","2527.0","2505.25",""
"ZNC=F","commodities","2297.0","2297.0","2297.0","",""
"ZC=F","commodities","407.5","387.5","389.25","388.25",""
"ZW=F","commodities","527.75","509.5","506.75","504.75",""
"ZO=F","commodities","330.25","308.25","312.0","318.25",""
"ZS=F","commodities","1051.25","1028.75","1025.5","1036.5",""
"ZM=F","commodities","290.70001220703125","297.20001220703125","295.70001220703125","296.70001220703125",""
"ZL=F","commodities","53.65999984741211","52.7599983215332","54.310001373291016","54.84000015258789",""
"ZR=F","commodities","12.1899995803833","1167.0","1152.5","",""
"KC=F","commodities","366.75","384.04998779296875","389.95001220703125","390.6499938964844",""
"CT=F","commodities","65.30999755859375","65.98999786376953","66.43000030517578","",""
"SB=F","commodities","16.389999389648438","16.40999984741211","16.399999618530273","16.479999542236328",""
"OJ=F","commodities","268.6000061035156","255.25","240.25","",""
"CC=F","commodities","7629.0","7957.0","7582.0","",""
"LE=F","commodities","238.125","240.22500610351562","239.9499969482422","",""
"GF=F","commodities","364.875","360.8500061035156","360.3500061035156","",""
"HE=F","commodities","93.4000015258789","91.4000015258789","91.19999694824219","",""
